<?xml version="1.0" encoding="utf-8" ?>
<Defs>

  <HediffDef ParentName="InfectionBase">
    <defName>WSPP_PinkPox</defName>
    <label>Pink Pox</label>
    <description>An incapacitating ailment which slowly regresses the subject until they resemble a blabbering, incoherent and impotent baby girl.</description>
    <makesSickThought>true</makesSickThought>
    <lethalSeverity>1</lethalSeverity>
    <tendable>false</tendable>
	<scenarioCanAdd>true</scenarioCanAdd>
    <comps>
      <li Class="HediffCompProperties">
        <compClass>PinkPox.HediffComp_TriggerOnSeverityStages</compClass>
      </li>	  
	  <li Class="HediffCompProperties_SeverityPerDay">
        <severityPerDay>0.3</severityPerDay>
      </li>
    </comps>
    <stages>
      <li>
        <label>minor</label>
        <painOffset>0.04</painOffset>
        <capMods>
          <li>
            <capacity>Consciousness</capacity>
            <offset>-0.05</offset>
          </li>
          <li>
            <capacity>Manipulation</capacity>
            <offset>-0.05</offset>
          </li>
        </capMods>
      </li>
      <li>
        <minSeverity>0.6</minSeverity>
        <label>major</label>
        <painOffset>0.06</painOffset>
        <capMods>
          <li>
            <capacity>Consciousness</capacity>
            <offset>-0.10</offset>
          </li>
          <li>
            <capacity>Manipulation</capacity>
            <offset>-0.10</offset>
          </li>
        </capMods>
      </li>
      <li>
        <minSeverity>0.8</minSeverity>
        <label>extreme</label>
        <painOffset>0.08</painOffset>
        <capMods>
          <li>
            <capacity>Consciousness</capacity>
            <offset>-0.25</offset>
          </li>
          <li>
            <capacity>Manipulation</capacity>
            <offset>-0.20</offset>
          </li>
        </capMods>
      </li>
      <li>
        <minSeverity>0.9</minSeverity>
        <label>extreme</label>
        <lifeThreatening>false</lifeThreatening>
        <painOffset>0.10</painOffset>
        <capMods>
          <li>
            <capacity>Consciousness</capacity>
            <setMax>0.70</setMax>
          </li>
          <li>
            <capacity>Manipulation</capacity>
            <setMax>0.50</setMax>
          </li>
          <li>
            <capacity>Breathing</capacity>
            <offset>-0.10</offset>
          </li>
        </capMods>
      </li>
    </stages>
  </HediffDef>

</Defs>