﻿<?xml version="1.0" encoding="utf-8"?>
<ModMetaData>
  <name>VPE Cosmic Architect</name>
  <packageId>Slug.PsyMass1</packageId>
  <author>WebSlug</author>
  <url></url>
  <supportedVersions>
	<li>1.5</li>
  </supportedVersions>
  <modDependencies>
		<li>
			<packageId>brrainz.harmony</packageId>
			<displayName>Harmony</displayName>
			<steamWorkshopUrl>steam://url/CommunityFilePage/2009463077</steamWorkshopUrl>
			<downloadUrl>https://github.com/pardeike/HarmonyRimWorld/releases/latest</downloadUrl>
		</li>
		<li>
			<packageId>OskarPotocki.VanillaFactionsExpanded.Core</packageId>
			<displayName>Vanilla Expanded Framework</displayName>
			<steamWorkshopUrl>https://steamcommunity.com/workshop/filedetails/?id=2023507013</steamWorkshopUrl>
			<downloadUrl>https://github.com/Vanilla-Expanded/VanillaExpandedFramework</downloadUrl>
		</li>
		<li>
			<packageId>VanillaExpanded.VPsycastsE</packageId>
			<displayName>Vanilla Psycasts Expanded</displayName>
			<steamWorkshopUrl>https://steamcommunity.com/sharedfiles/filedetails/?id=2842502659</steamWorkshopUrl>
		</li>
		<li>
			<packageId>Ludeon.RimWorld.Royalty</packageId>
			<displayName>Royalty</displayName>
			<steamWorkshopUrl>https://store.steampowered.com/app/1149640/RimWorld__Royalty/</steamWorkshopUrl>
		</li>
  </modDependencies>
	<loadAfter>
		<li>Ludeon.RimWorld</li>
		<li>Ludeon.RimWorld.Royalty</li>
		<li>Ludeon.RimWorld.Ideology</li>
		<li>Ludeon.RimWorld.Biotech</li>
		<li>brrainz.harmony</li>
		<li>OskarPotocki.VanillaFactionsExpanded.Core</li>
		<li>VanillaExpanded.VPsycastsE</li>
		<li>vanillaexpanded.achievements</li>
		<li>imranfish.xmlextensions</li>
		<li>Mlie.KVConfigurableMaps</li>
	</loadAfter>
  <description><![CDATA[
<size=18><color=#87CEFA>Description</color></size>
Adds a number of new Psy powers which are designed to adjust the mass of objects, enhance or duplicate items and manipulate energy.

<size=18><color=#87CEFA>Powers</color></size>
Cosmic Bolt - Launches a projectile of randomly scattered particles towards the enemy.
----------------------------------------------
Feather Touch - Reduces the weight of placed item on the ground recursively.
----------------------------------------------
Fortify Structure - Increases the molecular density of walls, doors or interior objects.
----------------------------------------------
Annihilate Item - The psychic, tapping into the cosmic energies within, disintegrates a target item, reducing it to mere atoms. This will destroy rocks, items however it will not destroy live pawns, animals, plants or mechs.
----------------------------------------------
Push Power - Energetically charge a static battery from a biological entity or a mechanoid power source.
----------------------------------------------
Pull Power - Energetically transfer static energy from a battery to a biological or mech-energy.
----------------------------------------------
Duplicate Item - A skilled Cosmic Architect can duplicate the very items and materials around them.
----------------------------------------------
Upgrade Item - Allows the Cosmic Architect to recursively increase the quality level of any item or piece of furniture.
----------------------------------------------

<size=18><color=#87CEFA>Updates 10th November 2024</color></size>
Cosmic Bolt base damage increased to 5.
Cosmic Bolt will also cause an extra hit.
Cosmic Barrier effects modified.
Lowered the cost of Duplicate Item.
Duplicate Item now adds heat.
Mod uploaded.

<size=18><color=#87CEFA>Requirements</color></size>
* Requires Harmony.
* Requires Vanilla Psycasts Expanded

<size=18><color=#87CEFA>Conflicts</color></size>
None Reported

<size=18><color=#87CEFA>Steam Link</color></size>
https://steamcommunity.com/sharedfiles/filedetails/?id=3363207481

]]>
</description>
</ModMetaData>