<?xml version="1.0" encoding="utf-8"?>
<Defs>

  <DesignatorDropdownGroupDef>
    <defName>Gene_Bank</defName>
  </DesignatorDropdownGroupDef>
  <ThingDef ParentName="GeneBuildingBase">
    <defName>SmallGeneBank</defName>
    <label>small gene bank</label>
    <designatorDropdown>Gene_Bank</designatorDropdown>
    <description>This building can store genepacks and make them usable to create new xenogerms, when placed near a gene assembler. Large gene libraries require many gene banks.\n\nWhen powered, gene banks prevent genepacks from deteriorating and will slowly repair deterioration.</description>
    <graphicData>
      <texPath>SmallGeneBank/SmallGenebank</texPath>
      <graphicClass>Graphic_Multi</graphicClass>
      <drawSize>(1, 1)</drawSize>
      <shadowData>
        <volume>(0.7, 0.3, 0.85)</volume>
      </shadowData>
    </graphicData>
    <castEdgeShadows>true</castEdgeShadows>
    <minifiedDef>MinifiedThing</minifiedDef>
    <tickerType>Rare</tickerType>
    <passability>PassThroughOnly</passability>
    <size>(1, 1)</size>
    <statBases>
      <MaxHitPoints>100</MaxHitPoints>
      <WorkToBuild>2500</WorkToBuild>
      <Mass>10</Mass>
      <Flammability>0.5</Flammability>
    </statBases>
    <thingCategories>
      <li>BuildingsProduction</li>
    </thingCategories>
    <inspectorTabs>
      <li>ITab_ContentsGenepackHolder</li>
    </inspectorTabs>
    <costList>
      <Steel>25</Steel>
      <ComponentIndustrial>1</ComponentIndustrial>
    </costList>
    <constructionSkillPrerequisite>4</constructionSkillPrerequisite>
    <descriptionHyperlinks>
      <ThingDef>Genepack</ThingDef>
      <ThingDef>GeneAssembler</ThingDef>
    </descriptionHyperlinks>
    <comps>
      <li Class="CompProperties_GenepackContainer">
        <maxCapacity>32</maxCapacity>
      </li>
      <li Class="CompProperties_Power">
        <compClass>CompPowerTrader</compClass>
        <basePowerConsumption>25</basePowerConsumption>
      </li>
      <li Class="CompProperties_Facility">
        <maxSimultaneous>100</maxSimultaneous>
        <maxDistance>12.9</maxDistance>
      </li>
      <li Class="CompProperties_Flickable" />
    </comps>
  </ThingDef>
  <ThingDef ParentName="GeneBuildingBase">
    <defName>LargeGeneBank</defName>
    <label>large gene bank</label>
    <designatorDropdown>Gene_Bank</designatorDropdown>
    <description>This building can store genepacks and make them usable to create new xenogerms, when placed near a gene assembler. Large gene libraries require many gene banks.\n\nWhen powered, gene banks prevent genepacks from deteriorating and will slowly repair deterioration.</description>
    <graphicData>
      <texPath>LargeGeneBank/LargeGenebank</texPath>
      <graphicClass>Graphic_Multi</graphicClass>
      <drawSize>(2, 2)</drawSize>
      <shadowData>
        <volume>(1.7, 0.8, 1.7)</volume>
      </shadowData>
    </graphicData>
    <castEdgeShadows>true</castEdgeShadows>
    <minifiedDef>MinifiedThing</minifiedDef>
    <tickerType>Rare</tickerType>
    <passability>PassThroughOnly</passability>
    <size>(2, 2)</size>
    <statBases>
      <MaxHitPoints>400</MaxHitPoints>
      <WorkToBuild>7500</WorkToBuild>
      <Mass>40</Mass>
      <Flammability>0.5</Flammability>
    </statBases>
    <thingCategories>
      <li>BuildingsProduction</li>
    </thingCategories>
    <inspectorTabs>
      <li>ITab_ContentsGenepackHolder</li>
    </inspectorTabs>
    <costList>
      <Steel>200</Steel>
      <ComponentIndustrial>2</ComponentIndustrial>
    </costList>
    <constructionSkillPrerequisite>6</constructionSkillPrerequisite>
    <descriptionHyperlinks>
      <ThingDef>Genepack</ThingDef>
      <ThingDef>GeneAssembler</ThingDef>
    </descriptionHyperlinks>
    <comps>
      <li Class="CompProperties_GenepackContainer">
        <maxCapacity>128</maxCapacity>
      </li>
      <li Class="CompProperties_Power">
        <compClass>CompPowerTrader</compClass>
        <basePowerConsumption>150</basePowerConsumption>
      </li>
      <li Class="CompProperties_Facility">
        <maxSimultaneous>100</maxSimultaneous>
        <maxDistance>12.9</maxDistance>
      </li>
      <li Class="CompProperties_Flickable" />
    </comps>
  </ThingDef>
</Defs>