<?xml version="1.0" encoding="utf-8" ?>
<Defs>
  <ThingDef Class="KitMod.ThingDef_PlagueBullet" ParentName="BaseBullet">
    <defName>WSKIT_Bullet_GirlGun</defName>
    <label>plague bullet</label>
    <graphicData>
      <texPath>Things/Projectile/Bullet_Small</texPath>
      <graphicClass>Graphic_Single</graphicClass>
    </graphicData>
    <projectile>
      <damageDef>Bullet</damageDef>
      <damageAmountBase>1</damageAmountBase>
      <stoppingPower>1</stoppingPower>
      <speed>55</speed>
    </projectile>
	
	<SetHediffAge>6</SetHediffAge>
	<AddHediffChance>0.95</AddHediffChance>
	<HediffToAdd>WSKIT_GirlsPlague</HediffToAdd>
	<thingClass>KitMod.Projectile_PlagueBullet</thingClass>	
  </ThingDef>

  <ThingDef ParentName="BaseHumanMakeableGun">
    <defName>WSKIT_Gun_GirlGun</defName>
    <label>girl gun</label>
    <description>A short ranged weapon which is capable of transforming its victim into an impotent little girl.</description>

    <graphicData>
      <texPath>Things/Item/Equipment/WeaponRanged/Revolver</texPath>
      <graphicClass>Graphic_Single</graphicClass>
    </graphicData>
    <uiIconScale>1.4</uiIconScale>
    <soundInteract>Interact_Revolver</soundInteract>
    <thingSetMakerTags><li>RewardStandardQualitySuper</li></thingSetMakerTags>
    <statBases>
      <WorkToMake>45000</WorkToMake>
      <MarketValue>10</MarketValue>
	  <Mass>1.4</Mass>
      <AccuracyTouch>0.75</AccuracyTouch>
      <AccuracyShort>0.65</AccuracyShort>
      <AccuracyMedium>0.45</AccuracyMedium>
      <AccuracyLong>0.35</AccuracyLong>
      <RangedWeapon_Cooldown>3.6</RangedWeapon_Cooldown>
    </statBases>
	<equippedStatOffsets>
      <SlaveSuppressionOffset MayRequire="Ludeon.RimWorld.Ideology">-0.1</SlaveSuppressionOffset>
    </equippedStatOffsets>
    <weaponTags>
      <li>SimpleGun</li>
      <li>Revolver</li>
    </weaponTags>
    <weaponClasses>
      <li>RangedLight</li>
    </weaponClasses>
    <costList>
      <Plasteel>50</Plasteel>
      <ComponentSpacer>1</ComponentSpacer>
      <ComponentIndustrial>4</ComponentIndustrial>
    </costList>
    <recipeMaker>
      <recipeUsers Inherit="False">
        <li>FabricationBench</li>
      </recipeUsers>
	  <skillRequirements>
        <Crafting>8</Crafting>
      </skillRequirements>
    </recipeMaker>
	<techLevel>Archotech</techLevel>
	<tradeTags>
      <li>ExoticMisc</li>
    </tradeTags>
    <verbs>
      <li>
        <verbClass>Verb_Shoot</verbClass>
        <hasStandardCommand>true</hasStandardCommand>
        <defaultProjectile>WSKIT_Bullet_GirlGun</defaultProjectile>
        <warmupTime>0.9</warmupTime>
        <range>25.9</range>
        <soundCast>Shot_Revolver</soundCast>
        <soundCastTail>GunTail_Light</soundCastTail>
        <muzzleFlashScale>9</muzzleFlashScale>
      </li>
    </verbs>
    <tools>
      <li>
        <label>grip</label>
        <capacities>
          <li>Blunt</li>
        </capacities>
        <power>9</power>
        <cooldownTime>2</cooldownTime>
      </li>
      <li>
        <label>barrel</label>
        <capacities>
          <li>Blunt</li>
          <li>Poke</li>
        </capacities>
        <power>9</power>
        <cooldownTime>2</cooldownTime>
      </li>
    </tools>
  </ThingDef>
  
 <ThingDef ParentName="BaseMeleeWeapon_Blunt_Quality">
    <defName>WSKIT_MeleeWeapon_Mace</defName>
    <label>Amazon Mace</label>
    <description>An Amazonian Mace which inflicts a powerful neurotoxin on males who oppose the Amazon warrior who wields it.</description>
    <possessionCount>1</possessionCount>
    <graphicData>
      <texPath>Things/Item/Equipment/WeaponMelee/Mace</texPath>
      <graphicClass>Graphic_Single</graphicClass>
    </graphicData>
    <uiIconScale>1.2</uiIconScale>
    <techLevel>Medieval</techLevel>
    <costStuffCount>50</costStuffCount>
    <statBases>
      <WorkToMake>42000</WorkToMake>
      <Mass>1.25</Mass>
    </statBases>
    <equippedAngleOffset>-65</equippedAngleOffset>
    <recipeMaker>
      <researchPrerequisite>Smithing</researchPrerequisite>
      <skillRequirements>
        <Crafting>8</Crafting>
      </skillRequirements>
      <displayPriority>400</displayPriority>
    </recipeMaker>
    <stuffCategories>
      <li>Metallic</li>
    </stuffCategories>
    <weaponTags>
      <li>MedievalMeleeDecent</li>
    </weaponTags>
    <weaponClasses>
      <li>Melee</li>
    </weaponClasses>
    <tools>
      <li>
        <label>handle</label>
        <capacities>
          <li>Poke</li>
        </capacities>
        <power>9</power>
        <cooldownTime>2</cooldownTime>
      </li>
      <li>
        <label>head</label>
        <labelUsedInLogging>false</labelUsedInLogging>
        <capacities>
          <li>Blunt</li>
        </capacities>
        <power>15.7</power>
        <cooldownTime>2</cooldownTime>
      </li>
    </tools>
	<comps>
	  <li Class="KitMod.CompProperties_MeleeHitTrigger" />
	</comps>

  </ThingDef>
  
</Defs>