﻿<?xml version="1.0" encoding="utf-8" ?>
<Defs>
	<!-- Mithril -->
    <ThingDef ParentName="ResourceBase">
        <defName>zavMithril</defName>
        <label>mithril</label>
        <description>Just like the dwarven myths, a bright silver metal stronger and lighter than steel.</description>
        <graphicData>
            <texPath>Things/Item/Resource/Mithril</texPath>
            <graphicClass>Graphic_Single</graphicClass>
        </graphicData>
        <soundInteract>Silver_Drop</soundInteract>
        <soundDrop>Silver_Drop</soundDrop>
        <useHitPoints>false</useHitPoints>
        <healthAffectsPrice>false</healthAffectsPrice>
        <statBases>
            <MarketValue>18</MarketValue>
            <Mass>0.2</Mass>
            <StuffPower_Armor_Sharp>1.15</StuffPower_Armor_Sharp>
            <StuffPower_Armor_Blunt>0.55</StuffPower_Armor_Blunt>
            <StuffPower_Armor_Heat>0.65</StuffPower_Armor_Heat>
            <StuffPower_Insulation_Cold>3</StuffPower_Insulation_Cold>
            <StuffPower_Insulation_Heat>1</StuffPower_Insulation_Heat>
            <SharpDamageMultiplier>1.4</SharpDamageMultiplier>
            <BluntDamageMultiplier>0.9</BluntDamageMultiplier>
        </statBases>
        <thingCategories>
            <li>ResourcesRaw</li>
        </thingCategories>
        <deepCommonality>0.5</deepCommonality>
        <deepCountPerPortion>10</deepCountPerPortion>
        <deepLumpSizeRange>2~8</deepLumpSizeRange>
        <burnableByRecipe>false</burnableByRecipe>
        <smeltable>true</smeltable>
        <stuffProps>
            <categories>
                <li>Metallic</li>
            </categories>
            <appearance>Metal</appearance>
            <commonality>0.02</commonality>
            <constructEffect>ConstructMetal</constructEffect>
            <color>(255,255,255)</color>
            <soundImpactBullet>BulletImpact_Metal</soundImpactBullet>
            <soundMeleeHitSharp>MeleeHit_Metal_Sharp</soundMeleeHitSharp>
            <soundMeleeHitBlunt>MeleeHit_Metal_Blunt</soundMeleeHitBlunt>
            <soundImpactMelee>Pawn_Melee_Punch_HitBuilding_Metal</soundImpactMelee>
            <statFactors>
                <MaxHitPoints>2.5</MaxHitPoints>
                <Beauty>2</Beauty>
                <Flammability>0</Flammability>
                <WorkToMake>2</WorkToMake>
                <WorkToBuild>2</WorkToBuild>
                <MeleeWeapon_CooldownMultiplier>0.8</MeleeWeapon_CooldownMultiplier>
            </statFactors>
        </stuffProps>
        <terrainAffordanceNeeded>Medium</terrainAffordanceNeeded>
        <allowedArchonexusCount>80</allowedArchonexusCount>
    </ThingDef>    
    <!-- Adamantine -->
    <ThingDef ParentName="ResourceBase">
        <defName>zavAdamantine</defName>
        <label>adamantium  </label>
        <description>Considered to be the hardest metal in the universe.</description>
        <graphicData>
            <texPath>Things/Item/Resource/Adamantine</texPath>
            <graphicClass>Graphic_Single</graphicClass>
        </graphicData>
        <soundInteract>Metal_Drop</soundInteract>
        <soundDrop>Metal_Drop</soundDrop>
        <useHitPoints>false</useHitPoints>
        <healthAffectsPrice>false</healthAffectsPrice>
        <statBases>
            <MarketValue>36</MarketValue>
            <Mass>0.5</Mass>
            <StuffPower_Armor_Sharp>2.50</StuffPower_Armor_Sharp>
            <StuffPower_Armor_Blunt>0.95</StuffPower_Armor_Blunt>
            <StuffPower_Armor_Heat>0.80</StuffPower_Armor_Heat>
            <StuffPower_Insulation_Cold>3</StuffPower_Insulation_Cold>
            <StuffPower_Insulation_Heat>1</StuffPower_Insulation_Heat>
            <SharpDamageMultiplier>1.8</SharpDamageMultiplier>
            <BluntDamageMultiplier>1.8</BluntDamageMultiplier>
        </statBases>
        <thingCategories>
            <li>ResourcesRaw</li>
        </thingCategories>
        <deepCommonality>0.05</deepCommonality>
        <deepCountPerPortion>5</deepCountPerPortion>
        <deepLumpSizeRange>2~5</deepLumpSizeRange>
        <burnableByRecipe>false</burnableByRecipe>
        <smeltable>true</smeltable>
        <stuffProps>
            <categories>
                <li>Metallic</li>
            </categories>
            <appearance>Metal</appearance>
            <commonality>0.02</commonality>
            <constructEffect>ConstructMetal</constructEffect>
            <color>(78,11,19)</color>
            <soundImpactBullet>BulletImpact_Metal</soundImpactBullet>
            <soundMeleeHitSharp>MeleeHit_Metal_Sharp</soundMeleeHitSharp>
            <soundMeleeHitBlunt>MeleeHit_Metal_Blunt</soundMeleeHitBlunt>
            <soundImpactMelee>Pawn_Melee_Punch_HitBuilding_Metal</soundImpactMelee>
            <statFactors>
                <MaxHitPoints>8</MaxHitPoints>
                <Beauty>1</Beauty>
                <Flammability>0</Flammability>
                <WorkToMake>2.5</WorkToMake>
                <WorkToBuild>2.5</WorkToBuild>
            </statFactors>
        </stuffProps>
        <terrainAffordanceNeeded>Medium</terrainAffordanceNeeded>
        <allowedArchonexusCount>40</allowedArchonexusCount>
    </ThingDef>
</Defs>