<?xml version="1.0" encoding="utf-8" ?>

<Defs>
  
  <ThoughtDef>
    <defName>WSSS_OTHER_FORCED_VOMIT</defName>
    <thoughtClass>Thought_MemorySocial</thoughtClass>
    <durationDays>9999</durationDays>
    <stackLimit>8</stackLimit>
    <stackLimitForSameOtherPawn>8</stackLimitForSameOtherPawn>
    <developmentalStageFilter>Adult</developmentalStageFilter>
    <stages>
      <li>
        <label>Forced me to vomit involuntarily</label>
        <baseOpinionOffset>-10</baseOpinionOffset>
      </li>
    </stages>
  </ThoughtDef>
  
  <ThoughtDef>
    <defName>WSSS_OTHER_FORCED_VOMIT_MASOCHIST</defName>
    <thoughtClass>Thought_MemorySocial</thoughtClass>
    <durationDays>9999</durationDays>
    <stackLimit>5</stackLimit>
    <stackLimitForSameOtherPawn>8</stackLimitForSameOtherPawn>
    <developmentalStageFilter>Adult</developmentalStageFilter>
    <stages>
      <li>
        <label>Caused me to vomit</label>
        <baseOpinionOffset>5</baseOpinionOffset>
      </li>
    </stages>
  </ThoughtDef>
  
</Defs>
