﻿<?xml version="1.0" encoding="utf-8"?>
<ModMetaData>
  <name>Pink Pox</name>
  <packageId>Slug.PinkPox151</packageId>
  <author>WebSlug</author>
  <url></url>
  <supportedVersions>
	<li>1.5</li>
  </supportedVersions>
  <modDependencies>
	<li>
		<packageId>brrainz.harmony</packageId>
		<displayName>Harmony</displayName>
		<steamWorkshopUrl>steam://url/CommunityFilePage/2009463077</steamWorkshopUrl>
		<downloadUrl>https://github.com/pardeike/HarmonyRimWorld/releases/latest</downloadUrl>

	</li>
  </modDependencies>
	<loadAfter>
		<li>Ludeon.RimWorld</li>
		<li>Ludeon.RimWorld.Royalty</li>
		<li>Ludeon.RimWorld.Ideology</li>
		<li>Ludeon.RimWorld.Biotech</li>
		<li>brrainz.harmony</li>
		<li>OskarPotocki.VanillaFactionsExpanded.Core</li>				
		<li>vanillaexpanded.achievements</li>
		<li>VanillaExpanded.VPsycastsE</li>
		<li>VanillaExpanded.VPersonaWeaponsE</li>
		
	</loadAfter>
  <description><![CDATA[<size=18><color=#87CEFA>Description</color></size>
* Adds a new ailment known as Pink Pox.
]]>
</description>
</ModMetaData>