<?xml version="1.0" encoding="utf-8"?>
<Defs>

  <!-- ================================= Industrial ==================================== -->

  <ThingDef Class="EckTechGames.PlagueGun.ThingDef_PlagueBullet" ParentName="BaseBullet">
    <defName>ECK_Bullet_PlagueGun</defName>
    <label>plague gun bullet</label>
    <graphicData>
      <texPath>Things/Projectile/Bullet_Small</texPath>
      <graphicClass>Graphic_Single</graphicClass>
    </graphicData>
    <projectile>
      <damageDef>Bullet</damageDef>
      <damageAmountBase>12</damageAmountBase>
      <stoppingPower>1</stoppingPower>
      <speed>55</speed>
    </projectile>

	<AddHediffChance>0.75</AddHediffChance>
	<HediffToAdd>Plague</HediffToAdd>
	<thingClass>EckTechGames.PlagueGun.Projectile_PlagueBullet</thingClass>	
  </ThingDef>
  
  <defName>TST_PlagueGun_Weapon</defName>
  <label>plague gun</label>  
  
  <ThingDef ParentName="BaseHumanMakeableGun">
    <defName>ECK_Gun_PlagueGun</defName>
    <label>plague gun</label>
    <description>A curious weapon notable for its horrible health effects. Shots from this weapon can inflict the Plague on targets.</description>
    <graphicData>
      <texPath>Things/Item/Equipment/WeaponRanged/Revolver</texPath>
      <graphicClass>Graphic_Single</graphicClass>
    </graphicData>
    <uiIconScale>1.4</uiIconScale>
	<deepCommonality>0</deepCommonality>
    <tickerType>Rare</tickerType>
    <soundInteract>Interact_Revolver</soundInteract>
    <thingSetMakerTags><li>RewardStandardQualitySuper</li></thingSetMakerTags>
    <statBases>
      <WorkToMake>4000</WorkToMake>
      <Mass>1.4</Mass>
      <AccuracyTouch>0.80</AccuracyTouch>
      <AccuracyShort>0.75</AccuracyShort>
      <AccuracyMedium>0.45</AccuracyMedium>
      <AccuracyLong>0.35</AccuracyLong>
      <RangedWeapon_Cooldown>1.6</RangedWeapon_Cooldown>
    </statBases>
    <weaponTags>
      <li>SimpleGun</li>
      <li>Revolver</li>
    </weaponTags>
    <weaponClasses>
      <li>RangedLight</li>
    </weaponClasses>
    <costList>
      <Steel>30</Steel>
      <ComponentIndustrial>2</ComponentIndustrial>
    </costList>
    <recipeMaker>
      <skillRequirements>
        <Crafting>3</Crafting>
      </skillRequirements>
    </recipeMaker>
    <verbs>
      <li>
        <verbClass>Verb_Shoot</verbClass>
        <hasStandardCommand>true</hasStandardCommand>
        <defaultProjectile>ECK_Bullet_PlagueGun</defaultProjectile>
        <warmupTime>0.3</warmupTime>
        <range>25.9</range>
        <soundCast>Shot_Revolver</soundCast>
        <soundCastTail>GunTail_Light</soundCastTail>
        <muzzleFlashScale>9</muzzleFlashScale>
      </li>
    </verbs>
    <tools>
      <li>
        <label>grip</label>
        <capacities>
          <li>Blunt</li>
        </capacities>
        <power>9</power>
        <cooldownTime>2</cooldownTime>
      </li>
      <li>
        <label>barrel</label>
        <capacities>
          <li>Blunt</li>
          <li>Poke</li>
        </capacities>
        <power>9</power>
        <cooldownTime>2</cooldownTime>
      </li>
    </tools>
  </ThingDef>
  
</Defs>