﻿<?xml version="1.0" encoding="utf-8"?>
<ModMetaData>
  <name>Sick Stick</name>
  <packageId>Slug.SickStick1</packageId>
  <author>WebSlug</author>
  <url></url>
  <supportedVersions>
	<li>1.5</li>
  </supportedVersions>
  <modDependencies>
	<li>
		<packageId>brrainz.harmony</packageId>
		<displayName>Harmony</displayName>
		<steamWorkshopUrl>steam://url/CommunityFilePage/2009463077</steamWorkshopUrl>
		<downloadUrl>https://github.com/pardeike/HarmonyRimWorld/releases/latest</downloadUrl>
	</li>
  </modDependencies>
	<loadAfter>
		<li>Ludeon.RimWorld</li>
		<li>Ludeon.RimWorld.Royalty</li>
		<li>Ludeon.RimWorld.Ideology</li>
		<li>Ludeon.RimWorld.Biotech</li>
		<li>brrainz.harmony</li>
		<li>OskarPotocki.VanillaFactionsExpanded.Core</li>				
		<li>vanillaexpanded.achievements</li>
		<li>VanillaExpanded.VPsycastsE</li>
		<li>VanillaExpanded.VPersonaWeaponsE</li>
		
	</loadAfter>
  <description><![CDATA[<size=18><color=#87CEFA>Description</color></size>
* Adds a new Melee weapon.
* Lowers prisoner resistance recursively.
* Stun your enemies while causing them to vomit for your amusement.
* Light weight, durable and can be fashioned from metallic materials.

<size=18><color=#87CEFA>Requirements</color></size>
* Requires Harmony.
* Requires Flak armor to be researched.
* Requires crafting skill of 5 or above at a smithy.
* Requires 2 components and 40 metallic material to fabricate.

<size=18><color=#87CEFA>Restrictions</color></size>
* Does not work on animals or mechs.

<size=18><color=#87CEFA>Version 1.5 - 22nd September 2024</color></size>
* Basic premise.
]]>
</description>
</ModMetaData>