<?xml version="1.0" encoding="UTF-8"?>
<Defs>

  <HediffDef ParentName="PsycastHediffBase">
    <defName>CA_Fortitude</defName>
    <label>Cosmic Barrier</label>
    <description>This ability creates a formidable barrier around the recepient reducing the damage from a variety of damage types temporarily.</description>
    <isBad>false</isBad>
    <stages>
      <li>
        <capacityFactorEffectMultiplier>PsychicSensitivity</capacityFactorEffectMultiplier>
		<statOffsets>
			<ArmorRating_Sharp>0.22</ArmorRating_Sharp>
			<ArmorRating_Blunt>0.24</ArmorRating_Blunt>
			<ArmorRating_Heat>0.20</ArmorRating_Heat> 			
			<MentalBreakThreshold>-0.1</MentalBreakThreshold>
			<PsychicEntropyRecoveryRate>0.10</PsychicEntropyRecoveryRate>
			<PainShockThreshold>0.10</PainShockThreshold>
		</statOffsets>
      </li>
    </stages>
  </HediffDef>  
	
</Defs>