<?xml version="1.0" encoding="utf-8" ?>
<Defs>

  <ThingDef ParentName="AnimalThingBase">
    <defName>HC_Unicorn</defName>
    <label>Unicorn</label>
	<devNote>cow-1</devNote>
    <description>A magical unicorn.</description>
    <statBases>
      <MoveSpeed>6.2</MoveSpeed>
	  <MarketValue>2800</MarketValue>
      <ComfyTemperatureMin>-60</ComfyTemperatureMin>
	  <ComfyTemperatureMax>45</ComfyTemperatureMax>
	  <FilthRate>8</FilthRate>
	  <CaravanRidingSpeedFactor>1.8</CaravanRidingSpeedFactor>	  
	  <RestRateMultiplier>1.5</RestRateMultiplier>
	  <ImmunityGainSpeed>2.5</ImmunityGainSpeed>
	  <InjuryHealingFactor>1.25</InjuryHealingFactor>
    </statBases>
	<uiIconScale>1.1</uiIconScale>
    <tools>
	  <li>
        <label>horn</label>
        <capacities>
          <li>Scratch</li>
          <li>Stab</li>
        </capacities>
        <power>23.2</power>
        <cooldownTime>2.9</cooldownTime>
        <linkedBodyPartsGroup>HornAttackTool</linkedBodyPartsGroup>
		<chanceFactor>0.7</chanceFactor>
      </li>
      <li>
        <label>left hoof</label>
        <capacities>
          <li>Blunt</li>
          <li>Poke</li>
        </capacities>
        <power>15.2</power>
        <cooldownTime>2</cooldownTime>
        <linkedBodyPartsGroup>FrontLeftLeg</linkedBodyPartsGroup>
      </li>
      <li>
        <label>right hoof</label>
        <capacities>
          <li>Blunt</li>
          <li>Poke</li>
        </capacities>
        <power>15.2</power>
        <cooldownTime>2</cooldownTime>
        <linkedBodyPartsGroup>FrontRightLeg</linkedBodyPartsGroup>
      </li>
      <li>
        <capacities>
          <li>Bite</li>
        </capacities>
        <power>12</power>
        <cooldownTime>2</cooldownTime>
        <linkedBodyPartsGroup>Teeth</linkedBodyPartsGroup>
        <chanceFactor>0.5</chanceFactor>
      </li>
    </tools>
    <race>
      <body>Unicornbody</body>
	  <packAnimal>true</packAnimal>
      <baseBodySize>2.55</baseBodySize>
      <baseHungerRate>0.385</baseHungerRate>
      <baseHealthScale>2.15</baseHealthScale>
      <foodType>VegetarianRoughAnimal</foodType>
	  <trainability>Advanced</trainability>
      <wildness>0.85</wildness>
	  <roamMtbDays>2</roamMtbDays>
      <lifeExpectancy>72</lifeExpectancy>
	  <gestationPeriodDays>18</gestationPeriodDays>
	  <manhunterOnTameFailChance>0.45</manhunterOnTameFailChance>
      <manhunterOnDamageChance>1.0</manhunterOnDamageChance>
	  <herdAnimal>true</herdAnimal>
	  <nuzzleMtbHours>24</nuzzleMtbHours>
	  <wildBiomes>
	    <TropicalRainforest>0</TropicalRainforest>
		<TropicalSwamp>0.05</TropicalSwamp>
		<AridShrubland>0</AridShrubland>
        <Desert>0</Desert>
		<ExtremeDesert>0</ExtremeDesert>
		<TemperateForest>0.025</TemperateForest>
		<TemperateSwamp>0.02</TemperateSwamp>
		<BorealForest>0.015</BorealForest>
		<Tundra>0</Tundra>
		<ColdBog>0</ColdBog>
		<IceSheet>0</IceSheet>
		<SeaIce>0</SeaIce>
      </wildBiomes>
	  <useMeatFrom>Horse</useMeatFrom>
	  <leatherDef>Leather_Plain</leatherDef>
	  <litterSizeCurve>
        <points>
          <li>(0.5, 0)</li>
          <li>(1, 1)</li>
          <li>(2, 1.7)</li>
          <li>(2.5, 0.7)</li>
          <li>(3, 0)</li>
        </points>
      </litterSizeCurve>
      <lifeStageAges>
        <li>
          <def>AnimalBaby</def>
          <minAge>0</minAge>
        </li>
        <li>
          <def>AnimalJuvenile</def>
          <minAge>0.5</minAge>
        </li>
        <li>
          <def>AnimalAdult</def>
          <minAge>0.8</minAge>
          <soundWounded>Pawn_Horse_Wounded</soundWounded>
          <soundDeath>Pawn_Horse_Death</soundDeath>
          <soundCall>Pawn_Horse_Call</soundCall>
          <soundAngry>Pawn_Horse_Angry</soundAngry>
        </li>
      </lifeStageAges>
      <soundMeleeHitPawn>Pawn_Melee_BigBash_HitPawn</soundMeleeHitPawn>
      <soundMeleeHitBuilding>Pawn_Melee_BigBash_HitBuilding</soundMeleeHitBuilding>
      <soundMeleeMiss>Pawn_Melee_BigBash_Miss</soundMeleeMiss>
    </race>
	<butcherProducts>
			  <UnicornHorn>1</UnicornHorn>
	</butcherProducts>
    <tradeTags>
      <li>AnimalExotic</li>
    </tradeTags>
  </ThingDef>
  
  <PawnKindDef ParentName="AnimalKindBase">
    <defName>HC_Unicorn</defName>
    <label>Unicorn</label>
    <labelPlural>Unicorn</labelPlural>
    <race>HC_Unicorn</race>
    <combatPower>450</combatPower>
	<wildGroupSize>1~2</wildGroupSize>
    <ecoSystemWeight>0.1</ecoSystemWeight>
    <lifeStages>
      <li>
        <bodyGraphicData>
          <texPath>Animal/HC_Unicorn/Unicorn</texPath>
          <drawSize>1.45</drawSize>
		  <shadowData>
            <volume>(0.4, 0.3, 0.3)</volume>
            <offset>(0,0,-0.2)</offset>
          </shadowData>
        </bodyGraphicData>
        <dessicatedBodyGraphicData>
          <texPath>Animal/HC_Unicorn/Dessicated_Unicorn</texPath>
          <drawSize>1.45</drawSize>
        </dessicatedBodyGraphicData>
      </li>
      <li>
        <bodyGraphicData>
          <texPath>Animal/HC_Unicorn/Unicorn</texPath>
          <drawSize>1.95</drawSize>
		  <shadowData>
            <volume>(0.6, 0.45, 0.45)</volume>
            <offset>(0,0,-0.25)</offset>
          </shadowData>
        </bodyGraphicData>
        <dessicatedBodyGraphicData>
          <texPath>Animal/HC_Unicorn/Dessicated_Unicorn</texPath>
          <drawSize>1.95</drawSize>
        </dessicatedBodyGraphicData>
      </li>
      <li>
        <bodyGraphicData>
          <texPath>Animal/HC_Unicorn/Unicorn</texPath>
          <drawSize>2.3</drawSize>
          <shadowData>
            <volume>(0.8, 0.6, 0.6)</volume>
            <offset>(0,0,-0.3)</offset>
          </shadowData>
        </bodyGraphicData>
        <dessicatedBodyGraphicData>
          <texPath>Animal/HC_Unicorn/Dessicated_Unicorn</texPath>
          <drawSize>2.3</drawSize>
        </dessicatedBodyGraphicData>
      </li>
    </lifeStages>
  </PawnKindDef>
   
</Defs>