<?xml version="1.0" encoding="utf-8" ?>
<Defs>
 
 <ThingDef ParentName="BaseMeleeWeapon_Blunt_Quality">
    <defName>WSSICKSTICK_MeleeWeapon_Mace</defName>
    <label>Sick Stick</label>
    <description>A cruel futuristic which causes the target to involuntarily vomit if hit by it.</description>
    <possessionCount>1</possessionCount>
    <graphicData>
		<texPath>Things/Items/Equipment/sickstick</texPath>
		<graphicClass>Graphic_Single</graphicClass>
    </graphicData>
    <uiIconScale>1.2</uiIconScale>
    <techLevel>Industrial</techLevel>
    <costStuffCount>40</costStuffCount>
    <costList>
      <ComponentIndustrial>2</ComponentIndustrial>
    </costList>	
    <statBases>
      <WorkToMake>46000</WorkToMake>
      <Mass>1.25</Mass>
	  <EquipDelay>1.5</EquipDelay>
    </statBases>
    <equippedAngleOffset>-65</equippedAngleOffset>
    <recipeMaker>
      <researchPrerequisite>FlakArmor</researchPrerequisite>      
      <skillRequirements>
        <Crafting>5</Crafting>
      </skillRequirements>
      <displayPriority>205</displayPriority>
    </recipeMaker>
    <stuffCategories>
      <li>Metallic</li>
    </stuffCategories>
    <weaponTags>
      <li>MedievalMeleeDecent</li>
    </weaponTags>
    <weaponClasses>
      <li>MeleeBlunt</li>
    </weaponClasses>
    <tools>
      <li>
        <label>handle</label>
        <capacities>
          <li>Poke</li>
        </capacities>
        <power>2.4</power>
        <cooldownTime>4.8</cooldownTime>
      </li>
      <li>
        <label>head</label>
        <labelUsedInLogging>false</labelUsedInLogging>
        <capacities>
          <li>Blunt</li>
        </capacities>
        <power>2.8</power>
        <cooldownTime>4.8</cooldownTime>
      </li>
    </tools>
	<comps>
	  <li Class="SickStick.CompProperties_MeleeHitTrigger" />
	</comps>
  </ThingDef>
  
</Defs>