﻿<?xml version="1.0" encoding="utf-8"?>
<ModMetaData>
  <name>Plague Gun</name>
  <packageId>Slug.PlagueGun1</packageId>
  <author>WebSlug</author>
  <url></url>
  <supportedVersions>
    <li>1.1</li>
    <li>1.2</li>
    <li>1.3</li>
	<li>1.4</li>
  </supportedVersions>
  <modDependencies>
    <li>
      <packageId>Ludeon.Rimworld.Royalty</packageId>
      <displayName>Rimworld Royalty</displayName>
      <downloadUrl>https://store.steampowered.com/app/1149640/RimWorld__Royalty/</downloadUrl>
    </li>
  </modDependencies>
  <loadAfter>
    <li>Ludeon.Rimworld.Royalty</li>
  </loadAfter>
  <description>[img]https://i.imgur.com/buuPQel.png[/img]
	
	

V1.1
Requires Royalty.

Adds a Plague Gun.
</description>
</ModMetaData>