<?xml version="1.0" encoding="utf-8"?>

<Patch>

	<Operation Class="PatchOperationReplace">
		<xpath>*/ThingDef[defName = "VanometricPowerCell"]/comps/li[@Class = "CompProperties_Power"]/basePowerConsumption</xpath>
		<value>
			<basePowerConsumption>-50000</basePowerConsumption>
		</value>
	</Operation>
	
	<!-- Patch to increase Battery's stored energy capacity to 500000 -->
    <Operation Class="PatchOperationReplace">
        <!-- Target the Battery ThingDef by its defName -->
        <xpath>*/ThingDef[defName = "Battery"]/comps/li[@Class = "CompProperties_Battery"]/storedEnergyMax</xpath>
        <value>
            <storedEnergyMax>10000</storedEnergyMax>
        </value>
    </Operation>
	
</Patch>